location,key
Whitefield,Whitefield
SarjapurRoad,Sarjapur
thPhaseJPNagar,JPNagar
ElectronicCity,ElectronicCity
KanakpuraRoad,Kanakapura
Thanisandra,Thanisandra
Yelahanka,Yelahanka
Uttarahalli,Uttarahalli
Hebbal,Hebbal
RajaRajeshwariNagar,RajaRajeshwariNagar
Marathahalli,Marathahalli
HennurRoad,Hennur
BannerghattaRoad,Bannerghatta
HaralurRoad,HaralurRoad
ElectronicCityPhaseII,ElectronicCity
ElectronicsCityPhase,ElectronicCity
Harlur,HaralurRoad
Sarjapur,Sarjapur
JPNagar,JPNagar
Hennur,Hennur
Kanakapura,Kanakapura
YelahankaNewTown,Yelahanka
HebbalKempapura,Hebbal
stPhaseJPNagar,JPNagar
Bannerghatta,Bannerghatta
SarjapuraAttibeleRoad,Sarjapur
ndPhaseJPNagar,JPNagar
HennurGardens,Hennur
BasaveshwaraNagarYelahanka,Yelahanka
HennurBande,Hennur
Rajarajeshwarinagar,RajaRajeshwariNagar
JudicialLayoutKanakapuraRoad,Kanakapura
OffSarjapurRoad,Sarjapur
RajaRajeshwariNagarthStage,RajaRajeshwariNagar
rdPhaseJPNagar,JPNagar
Thanisandramainroad,Thanisandra
JPNagarthPhase,JPNagar
RajarajeshwariNagara,RajaRajeshwariNagar
ThanisandraMainRoad,Thanisandra
ECCRoadWhitefield,Whitefield
ElectroniccityPhase,ElectronicCity
kanakapuramainroad,Kanakapura
KanakapuraRoad,Kanakapura
AnanthanagarPhaseElectronicCityphase,ElectronicCity
AnnapoorneshwariLayoutJPnagarthphase,JPNagar
ashatownshipoffhennurroad,Hennur
BemllayoutRajarajeshwarinagar,RajaRajeshwariNagar
ElectronicCityPhase,ElectronicCity
Electroniccityphase,ElectronicCity
EPIPAREAWHITEFIELD,Whitefield
GubbiCrossHennurMainRoad,Hennur
HennurBusstop,Hennur
JakkurYelahanka,Yelahanka
JaraganahalliJpNagarPost,JPNagar
JPnagarthPhase,JPNagar
JPnagarthphase,JPNagar
JpnagarthPhase,JPNagar
JPNagarthPhaseRamayyaCity,JPNagar
JPNagarthPhasesarakkinagar,JPNagar
JPnagarthPhaseSarakkiNagar,JPNagar
KanakapuraMainRoad,Kanakapura
KanakapuramainRoad,Kanakapura
kanakapuraroad,Kanakapura
KanakapuraRod,Kanakapura
Kanakapurmainroad,Kanakapura
LakshminarayanapuraElectronicCityPhase,ElectronicCity
Marathallibridge,Marathahalli
MarathiLayout,Marathahalli
ndphasejpnagarjpnagar,JPNagar
NearElectronicCity,ElectronicCity
OffBannergattaRoad,Bannerghatta
OffBannergattaroad,Bannerghatta
OffSarjapurroad,Sarjapur
RajaRajashwarenagar,RajaRajeshwariNagar
RajaRajashweriNagar,RajaRajeshwariNagar
Rajarajeshearinagar,RajaRajeshwariNagar
RajarajeshwariNagar,RajaRajeshwariNagar
RajaRajeshwariNagara,RajaRajeshwariNagar
RajarajeswarinagarthStage,RajaRajeshwariNagar
rdStageRajaRajeshwariNagar,RajaRajeshwariNagar
sarjapuramainroad,Sarjapur
SARJAPURBAGALURROAD,Sarjapur
Uttarahallihobli,Uttarahalli
Wajidlayoutthanisandra,Thanisandra
WhitefieldECCRoad,Whitefield
whitefieldkadugodi,Whitefield
whitefiled,Whitefield
YelahankaMVITcollege,Yelahanka
yelahankanorth,Yelahanka
